A,B,C,D,E,F,G,Height,J,K,I,Text
1,1,0,0,0,0,0,0,6635,4712,-1
2,1,1,0,0,0,167,3030,29,1515,-1
3,1,1,1,0,0,167,3030,29,1515,-1
4,1,1,1,1,0,167,3030,29,1515,-1
5,1,1,1,1,1,180,4512,13,33,96,FILE
5,1,1,1,1,2,179,4462,13,44,93,PATH:
5,1,1,1,1,3,178,4314,18,143,68,Z:\6_DESIGN\KIER
5,1,1,1,1,4,177,4232,14,78,93,WORKING
5,1,1,1,1,5,176,4112,14,114,61,DRAWINGS\O0.
5,1,1,1,1,6,176,3979,13,127,81,GENERAL\TRIAL
5,1,1,1,1,7,174,3908,14,66,93,TRENCH
5,1,1,1,1,8,173,3775,14,127,50,LAYOUT\04-NCC
5,1,1,1,1,9,172,3549,15,220,83,PURPOSE\NOC-ADDITIONAL
5,1,1,1,1,10,171,3471,13,74,96,ASPHALT
5,1,1,1,1,11,170,3391,14,76,93,EXISTING
5,1,1,1,1,12,167,3030,16,357,29,RA\NAS-KDL-C1058-ClV-GE-DWG-00496.0WG;
2,1,2,0,0,0,197,4200,16,192,-1
3,1,2,1,0,0,197,4200,16,192,-1
4,1,2,1,1,0,197,4200,16,192,-1
5,1,2,1,1,1,208,4389,4,3,37,","
5,1,2,1,1,2,198,4352,15,31,91,April
5,1,2,1,1,3,198,4326,14,20,89,"07,"
5,1,2,1,1,4,197,4287,13,34,96,2020
5,1,2,1,1,5,197,4227,13,55,96,3:08:27
5,1,2,1,1,6,197,4200,12,22,76,PM.
2,1,3,0,0,0,199,4405,14,139,-1
3,1,3,1,0,0,199,4405,14,139,-1
4,1,3,1,1,0,199,4405,14,139,-1
5,1,3,1,1,1,199,4470,14,74,53,PRINTED-
5,1,3,1,1,2,199,4405,13,51,53,Tuesda
2,1,4,0,0,0,304,426,172,50,-1
3,1,4,1,0,0,304,426,172,50,-1
4,1,4,1,1,0,319,426,157,21,-1
5,1,4,1,1,1,319,426,157,21,92,E=498196.495
4,1,4,1,2,0,304,456,172,20,-1
5,1,4,1,2,1,304,456,172,20,92,N=2781683.653
2,1,5,0,0,0,281,616,101,31,-1
3,1,5,1,0,0,281,616,101,31,-1
4,1,5,1,1,0,281,616,101,31,-1
5,1,5,1,1,1,281,616,101,31,34,2QweXx@
2,1,6,0,0,0,303,689,105,60,-1
3,1,6,1,0,0,303,689,105,60,-1
4,1,6,1,1,0,303,689,101,28,-1
5,1,6,1,1,1,303,689,101,28,2,Ex.@70m
4,1,6,1,2,0,305,717,103,32,-1
5,1,6,1,2,1,305,717,103,32,26,ELECTR!
2,1,7,0,0,0,388,1025,169,50,-1
3,1,7,1,0,0,388,1025,169,50,-1
4,1,7,1,1,0,402,1025,155,21,-1
5,1,7,1,1,1,402,1025,155,21,83,E=498197.151
4,1,7,1,2,0,388,1054,169,21,-1
5,1,7,1,2,1,388,1054,169,21,92,N=2781678.801
2,1,8,0,0,0,724,417,170,50,-1
3,1,8,1,0,0,724,417,170,50,-1
4,1,8,1,1,0,724,417,158,20,-1
5,1,8,1,1,1,724,417,158,20,90,E=498197.243
4,1,8,1,2,0,725,446,169,21,-1
5,1,8,1,2,1,725,446,169,21,92,N=2781683.801
2,1,9,0,0,0,797,982,173,49,-1
3,1,9,1,0,0,797,982,173,49,-1
4,1,9,1,1,0,797,982,158,20,-1
5,1,9,1,1,1,797,982,158,20,91,E=498197.740
4,1,9,1,2,0,797,1010,173,21,-1
5,1,9,1,2,1,797,1010,173,21,92,N=2781678.868
2,1,10,0,0,0,489,2142,282,75,-1
3,1,10,1,0,0,489,2142,282,75,-1
4,1,10,1,1,0,489,2142,282,75,-1
5,1,10,1,1,1,489,2175,43,42,96,Ex.
5,1,10,1,1,2,535,2150,114,54,62,70mm
5,1,10,1,1,3,661,2142,110,72,72,40NOS.
2,1,11,0,0,0,490,2213,183,27,-1
3,1,11,1,0,0,490,2213,183,27,-1
4,1,11,1,1,0,490,2213,183,27,-1
5,1,11,1,1,1,490,2214,66,26,96,ELE.
5,1,11,1,1,2,568,2213,105,26,96,CABLE
2,1,12,0,0,0,522,2292,214,87,-1
3,1,12,1,0,0,522,2292,214,87,-1
4,1,12,1,1,0,570,2292,166,32,-1
5,1,12,1,1,1,570,2293,51,31,76,TP
5,1,12,1,1,2,635,2309,12,6,76,-
5,1,12,1,1,3,675,2292,61,31,96,130
4,1,12,1,2,0,522,2347,206,32,-1
5,1,12,1,2,1,522,2347,179,32,93,SECTION
5,1,12,1,2,2,716,2363,12,5,93,-
2,1,13,0,0,0,484,2595,236,30,-1
3,1,13,1,0,0,484,2595,236,30,-1
4,1,13,1,1,0,484,2595,236,30,-1
5,1,13,1,1,1,484,2595,236,30,91,E=498466.042
2,1,14,0,0,0,743,2346,61,30,-1
3,1,14,1,0,0,743,2346,61,30,-1
4,1,14,1,1,0,743,2346,61,30,-1
5,1,14,1,1,1,743,2346,61,30,96,130
2,1,15,0,0,0,485,2638,258,31,-1
3,1,15,1,0,0,485,2638,258,31,-1
4,1,15,1,1,0,485,2638,258,31,-1
5,1,15,1,1,1,485,2638,258,31,92,N=2781763.250
2,1,16,0,0,0,400,3407,258,74,-1
3,1,16,1,0,0,400,3407,258,74,-1
4,1,16,1,1,0,421,3407,235,30,-1
5,1,16,1,1,1,421,3407,235,30,92,E=498468.627
4,1,16,1,2,0,400,3450,258,31,-1
5,1,16,1,2,1,400,3450,258,31,85,N=2781757.686
2,1,17,0,0,0,737,3298,362,86,-1
3,1,17,1,0,0,737,3298,362,86,-1
4,1,17,1,1,0,773,3298,302,31,-1
5,1,17,1,1,1,773,3314,13,7,57,~
5,1,17,1,1,2,840,3298,235,31,45,E=498469.219
4,1,17,1,2,0,737,3340,362,44,-1
5,1,17,1,2,1,737,3340,51,44,0,\gy
5,1,17,1,2,2,841,3341,258,32,59,N=2781758.032
2,1,18,0,0,0,711,3481,196,40,-1
3,1,18,1,0,0,711,3481,196,40,-1
4,1,18,1,1,0,711,3481,196,40,-1
5,1,18,1,1,1,711,3482,101,39,92,OTP
5,1,18,1,1,2,829,3503,15,6,89,-
5,1,18,1,1,3,860,3481,47,38,96,01
2,1,19,0,0,0,1168,391,258,74,-1
3,1,19,1,0,0,1168,391,258,74,-1
4,1,19,1,1,0,1195,391,231,30,-1
5,1,19,1,1,1,1195,391,231,30,91,E=498357.271
4,1,19,1,2,0,1168,435,258,30,-1
5,1,19,1,2,1,1168,435,258,30,92,N=2781722.893
2,1,20,0,0,0,1373,1209,287,74,-1
3,1,20,1,0,0,1373,1209,287,74,-1
4,1,20,1,1,0,1395,1209,265,36,-1
5,1,20,1,1,1,1395,1209,236,30,88,E=498359.036
5,1,20,1,1,2,1658,1243,2,2,17,_
4,1,20,1,2,0,1373,1253,258,30,-1
5,1,20,1,2,1,1373,1253,258,30,92,N=2781715.827
2,1,21,0,0,0,1378,2092,92,193,-1
3,1,21,1,0,0,1378,2092,92,193,-1
4,1,21,1,1,0,1378,2123,15,162,-1
5,1,21,1,1,1,1379,2200,14,85,58,EX.@20mm
5,1,21,1,1,2,1378,2165,14,29,94,IRR.
5,1,21,1,1,3,1378,2123,13,37,96,PIPE
4,1,21,1,2,0,1448,2092,22,178,-1
5,1,21,1,2,1,1456,2188,14,82,41,Ex.070mm
5,1,21,1,2,2,1455,2149,13,34,96,ELE.
5,1,21,1,2,3,1448,2092,19,52,96,CABLE
2,1,22,0,0,0,247,1549,3188,878,-1
3,1,22,1,0,0,247,1549,3188,878,-1
4,1,22,1,1,0,247,1549,3188,878,-1
5,1,22,1,1,1,247,1549,3188,878,95
2,1,23,0,0,0,1520,2867,118,65,-1
3,1,23,1,0,0,1520,2867,118,65,-1
4,1,23,1,1,0,1520,2867,118,35,-1
5,1,23,1,1,1,1520,2867,118,35,39,"""+12.067"
4,1,23,1,2,0,1528,2905,19,27,-1
5,1,23,1,2,1,1528,2905,19,27,25,1
2,1,24,0,0,0,1262,2975,265,149,-1
3,1,24,1,0,0,1262,2975,265,149,-1
4,1,24,1,1,0,1306,2975,173,45,-1
5,1,24,1,1,1,1306,3007,1,10,91,|
5,1,24,1,1,2,1450,2975,29,45,35,3
4,1,24,1,2,0,1262,3051,265,30,-1
5,1,24,1,2,1,1262,3051,120,30,61,Ex.@30
5,1,24,1,2,2,1394,3051,23,28,93,&
5,1,24,1,2,3,1429,3051,98,27,96,50mm
4,1,24,1,3,0,1263,3095,163,29,-1
5,1,24,1,3,1,1263,3095,163,29,81,IRRI.PIPE
2,1,25,0,0,0,1488,3115,178,30,-1
3,1,25,1,0,0,1488,3115,178,30,-1
4,1,25,1,1,0,1488,3115,178,30,-1
5,1,25,1,1,1,1488,3115,178,30,67,Ex.070mm
2,1,26,0,0,0,0,0,5658,48,-1
3,1,26,1,0,0,0,0,5658,48,-1
4,1,26,1,1,0,0,0,5658,48,-1
5,1,26,1,1,1,0,0,5658,48,95
2,1,27,0,0,0,1622,366,234,30,-1
3,1,27,1,0,0,1622,366,234,30,-1
4,1,27,1,1,0,1622,366,234,30,-1
5,1,27,1,1,1,1622,366,234,30,91,E=498357.846
2,1,28,0,0,0,1622,394,1805,46,-1
3,1,28,1,0,0,1622,394,1805,46,-1
4,1,28,1,1,0,1622,394,1805,46,-1
5,1,28,1,1,1,1622,410,257,30,91,N=2781723.080
5,1,28,1,1,2,3191,394,236,30,90,E=498424.285
2,1,29,0,0,0,3192,437,257,30,-1
3,1,29,1,0,0,3192,437,257,30,-1
4,1,29,1,1,0,3192,437,257,30,-1
5,1,29,1,1,1,3192,437,257,30,93,N=2781703.715
2,1,30,0,0,0,2537,562,258,73,-1
3,1,30,1,0,0,2537,562,258,73,-1
4,1,30,1,1,0,2564,562,231,29,-1
5,1,30,1,1,1,2564,562,231,29,92,E=498421.771
4,1,30,1,2,0,2537,607,258,28,-1
5,1,30,1,2,1,2537,607,258,28,92,N=2781702.799
2,1,31,0,0,0,3092,689,194,91,-1
3,1,31,1,0,0,3092,689,194,91,-1
4,1,31,1,1,0,3092,689,194,91,-1
5,1,31,1,1,1,3092,714,63,66,43,ex
5,1,31,1,1,2,3142,701,43,34,58,gl
5,1,31,1,1,3,3149,689,137,77,0,BIOKBLE
2,1,32,0,0,0,3148,798,258,72,-1
3,1,32,1,0,0,3148,798,258,72,-1
4,1,32,1,1,0,3148,798,236,29,-1
5,1,32,1,1,1,3148,798,236,29,91,E=498422.922
4,1,32,1,2,0,3148,841,258,29,-1
5,1,32,1,2,1,3148,841,258,29,92,N=2781702.212
2,1,33,0,0,0,3104,932,348,28,-1
3,1,33,1,0,0,3104,932,348,28,-1
4,1,33,1,1,0,3104,932,348,28,-1
5,1,33,1,1,1,3104,934,188,26,81,Exi.0110mm
5,1,33,1,1,2,3304,932,148,27,96,ETISALAT
2,1,34,0,0,0,3102,969,205,26,-1
3,1,34,1,0,0,3102,969,205,26,-1
4,1,34,1,1,0,3102,969,205,26,-1
5,1,34,1,1,1,3102,969,106,26,96,CABLE
5,1,34,1,1,2,3219,969,88,25,96,DUCT
2,1,35,0,0,0,2847,1197,589,93,-1
3,1,35,1,0,0,2870,1197,566,86,-1
4,1,35,1,1,0,2880,1197,363,52,-1
5,1,35,1,1,1,2880,1197,31,52,63,mn
5,1,35,1,1,2,2927,1201,66,33,42,BOF
5,1,35,1,1,3,3224,1232,19,5,43,=
4,1,35,1,2,0,2847,1222,589,68,-1
5,1,35,1,2,1,2847,1256,46,34,37,my
5,1,35,1,2,2,2858,1222,75,54,39,es
5,1,35,1,2,3,3105,1262,48,20,0,i
5,1,35,1,2,4,3200,1223,236,29,92,E=498423.760
2,1,36,0,0,0,3014,1275,208,132,-1
3,1,36,1,0,0,3014,1275,208,132,-1
4,1,36,1,1,0,3014,1275,101,61,-1
5,1,36,1,1,1,3014,1275,101,61,75,+
4,1,36,1,2,0,3053,1367,169,40,-1
5,1,36,1,2,1,3053,1367,169,40,89,TP-126
2,1,37,0,0,0,1875,1230,983,100,-1
3,1,37,1,0,0,1875,1230,983,97,-1
4,1,37,1,1,0,2728,1230,130,72,-1
5,1,37,1,1,1,2728,1230,130,72,0,enon
4,1,37,1,2,0,1875,1266,966,64,-1
5,1,37,1,2,1,1875,1298,230,29,91,E=498359.821
5,1,37,1,2,2,2736,1266,105,64,94,CABLE
2,1,38,0,0,0,1875,1342,1033,39,-1
3,1,38,1,0,0,1875,1342,1033,39,-1
4,1,38,1,1,0,1875,1342,1033,39,-1
5,1,38,1,1,1,1875,1342,258,29,92,N=2781715.920
5,1,38,1,1,2,2672,1351,236,30,92,E=498423.067
2,1,39,0,0,0,2650,1395,258,29,-1
3,1,39,1,0,0,2650,1395,258,29,-1
4,1,39,1,1,0,2650,1395,258,29,-1
5,1,39,1,1,1,2650,1395,258,29,90,N=2781697.472
2,1,40,0,0,0,226,334,3372,1179,-1
3,1,40,1,0,0,226,334,3372,1179,-1
4,1,40,1,1,0,226,334,3372,1179,-1
5,1,40,1,1,1,226,334,3372,1179,95
2,1,41,0,0,0,2944,1735,386,81,-1
3,1,41,1,0,0,2944,1735,386,81,-1
4,1,41,1,1,0,3248,1735,82,19,-1
5,1,41,1,1,1,3248,1735,82,19,85,+13.141
4,1,41,1,2,0,2946,1777,138,19,-1
5,1,41,1,2,1,2946,1777,138,19,71,FRL.+12.790
4,1,41,1,3,0,2944,1805,18,11,-1
5,1,41,1,3,1,2944,1805,18,11,0,.
2,1,42,0,0,0,2538,1811,730,8,-1
3,1,42,1,0,0,2538,1811,730,8,-1
4,1,42,1,1,0,2538,1811,730,8,-1
5,1,42,1,1,1,2538,1811,730,8,95
2,1,43,0,0,0,3115,1860,108,19,-1
3,1,43,1,0,0,3115,1860,108,19,-1
4,1,43,1,1,0,3115,1860,108,19,-1
5,1,43,1,1,1,3115,1869,13,4,60,~
5,1,43,1,1,2,3141,1860,82,19,79,+12.051
2,1,44,0,0,0,3007,1888,167,57,-1
3,1,44,1,0,0,3011,1888,163,50,-1
4,1,44,1,1,0,3011,1888,163,35,-1
5,1,44,1,1,1,3011,1899,86,19,78,411.715
5,1,44,1,1,2,3132,1888,42,35,52,08
4,1,44,1,2,0,3007,1923,147,22,-1
5,1,44,1,2,1,3007,1923,11,22,24,a
5,1,44,1,2,2,3149,1925,5,5,39,>
2,1,45,0,0,0,2606,1934,597,7,-1
3,1,45,1,0,0,2606,1934,597,7,-1
4,1,45,1,1,0,2606,1934,597,7,-1
5,1,45,1,1,1,2606,1934,597,7,95
2,1,46,0,0,0,1770,1998,530,6,-1
3,1,46,1,0,0,1770,1998,530,6,-1
4,1,46,1,1,0,1770,1998,530,6,-1
5,1,46,1,1,1,1770,1998,530,6,95
2,1,47,0,0,0,2655,2008,304,70,-1
3,1,47,1,0,0,2655,2008,304,70,-1
4,1,47,1,1,0,2655,2008,304,26,-1
5,1,47,1,1,1,2655,2009,202,25,92,PRO.STREET
5,1,47,1,1,2,2868,2008,91,25,96,LIGHT
4,1,47,1,2,0,2657,2052,103,26,-1
5,1,47,1,2,1,2657,2052,103,26,96,CABLE
2,1,48,0,0,0,3157,2008,266,63,-1
3,1,48,1,0,0,3157,2008,266,63,-1
4,1,48,1,1,0,3158,2008,265,26,-1
5,1,48,1,1,1,3158,2008,182,26,77,Exi.0110mm
5,1,48,1,1,2,3351,2008,72,25,91,3Nos
4,1,48,1,2,0,3157,2045,201,26,-1
5,1,48,1,2,1,3157,2045,103,26,95,CABLE
5,1,48,1,2,2,3273,2045,85,25,95,DUCT
2,1,49,0,0,0,2807,2099,327,108,-1
3,1,49,1,0,0,2807,2099,327,108,-1
4,1,49,1,1,0,2890,2099,167,39,-1
5,1,49,1,1,1,2890,2099,167,39,91,TP-126
4,1,49,1,2,0,2807,2166,327,41,-1
5,1,49,1,2,1,2807,2166,327,41,91,SECTION-126
2,1,50,0,0,0,1573,2100,424,167,-1
3,1,50,1,0,0,1573,2100,424,167,-1
4,1,50,1,1,0,1573,2106,15,161,-1
5,1,50,1,1,1,1574,2183,14,84,18,X.020mm
5,1,50,1,1,2,1574,2151,13,26,96,IRR.
5,1,50,1,1,3,1573,2106,13,37,92,PIPE
4,1,50,1,2,0,1599,2106,15,160,-1
5,1,50,1,2,1,1600,2182,14,84,22,EX.620mm
5,1,50,1,2,2,1599,2147,14,29,94,IRR.
5,1,50,1,2,3,1599,2106,12,36,95,PIPE
4,1,50,1,3,0,1962,2100,15,161,-1
5,1,50,1,3,1,1963,2177,14,84,23,EX.920mm
5,1,50,1,3,2,1963,2141,13,30,94,IRR.
5,1,50,1,3,3,1962,2100,13,36,95,PIPE
4,1,50,1,4,0,1982,2100,15,161,-1
5,1,50,1,4,1,1983,2177,14,84,45,EX.@20mm
5,1,50,1,4,2,1983,2145,13,26,94,IRR.
5,1,50,1,4,3,1982,2100,13,37,95,PIPE
2,1,51,0,0,0,1710,2279,207,27,-1
3,1,51,1,0,0,1710,2279,207,27,-1
4,1,51,1,1,0,1710,2279,207,27,-1
5,1,51,1,1,1,1710,2279,141,27,93,SECTION
5,1,51,1,1,2,1863,2293,10,5,93,-
5,1,51,1,1,3,1883,2279,34,25,95,99
2,1,52,0,0,0,2937,2668,349,123,-1
3,1,52,1,0,0,2937,2668,349,122,-1
4,1,52,1,1,0,3028,2668,230,29,-1
5,1,52,1,1,1,3028,2668,230,29,91,E=498476.661
4,1,52,1,2,0,3028,2711,258,29,-1
5,1,52,1,2,1,3028,2711,258,29,92,N=2781767.856
4,1,52,1,3,0,2937,2755,48,36,-1
5,1,52,1,3,1,2937,2755,48,36,55,Bx
2,1,53,0,0,0,2926,2767,245,66,-1
3,1,53,1,0,0,2926,2767,195,62,-1
4,1,53,1,1,0,2989,2767,70,41,-1
5,1,53,1,1,1,2989,2767,70,41,92,ELE
4,1,53,1,2,0,2926,2778,245,55,-1
5,1,53,1,2,1,2926,2797,46,32,32,Q1
5,1,53,1,2,2,3033,2778,138,55,74,E-Roap
2,1,54,0,0,0,2881,2691,53,73,-1
3,1,54,1,0,0,2881,2691,53,73,-1
4,1,54,1,1,0,2881,2691,53,73,-1
5,1,54,1,1,1,2881,2691,53,73,29,Yr
2,1,55,0,0,0,2500,2773,258,72,-1
3,1,55,1,0,0,2500,2773,258,72,-1
4,1,55,1,1,0,2521,2773,236,29,-1
5,1,55,1,1,1,2521,2773,236,29,91,E=498475.982
4,1,55,1,2,0,2500,2815,258,30,-1
5,1,55,1,2,1,2500,2815,258,30,92,N=2781767.672
2,1,56,0,0,0,1638,2916,162,106,-1
3,1,56,1,0,0,1638,2916,162,106,-1
4,1,56,1,1,0,1638,2916,26,18,-1
5,1,56,1,1,1,1638,2916,26,18,12,N
4,1,56,1,2,0,1639,2936,26,18,-1
5,1,56,1,2,1,1639,2936,26,18,66,©
4,1,56,1,3,0,1640,2961,160,24,-1
5,1,56,1,3,1,1640,2967,26,18,39,OF
5,1,56,1,3,2,1695,2961,105,23,88,+11.329
4,1,56,1,4,0,1667,2988,42,34,-1
5,1,56,1,4,1,1667,2988,42,34,48,58
2,1,57,0,0,0,1976,3111,164,30,-1
3,1,57,1,0,0,1976,3111,164,30,-1
4,1,57,1,1,0,1976,3111,164,30,-1
5,1,57,1,1,1,1976,3111,164,30,86,IRRI.PIPE
2,1,58,0,0,0,1488,3128,1696,63,-1
3,1,58,1,0,0,1488,3128,1696,63,-1
4,1,58,1,1,0,1488,3128,1696,63,-1
5,1,58,1,1,1,1488,3148,215,40,90,ELE.CABLES
5,1,58,1,1,2,2730,3132,10,41,50,/
5,1,58,1,1,3,2975,3128,59,32,40,TT
5,1,58,1,1,4,3045,3138,139,53,23,IRR
5,1,58,1,1,5,3135,3124,49,73,38,pip
2,1,59,0,0,0,1503,3269,261,43,-1
3,1,59,1,0,0,1503,3269,261,43,-1
4,1,59,1,1,0,1503,3269,261,43,-1
5,1,59,1,1,1,1499,3246,178,79,55,SECTION
5,1,59,1,1,2,1689,3246,80,79,55,-01
2,1,60,0,0,0,1122,3940,236,30,-1
3,1,60,1,0,0,1122,3940,236,30,-1
4,1,60,1,1,0,1122,3940,236,30,-1
5,1,60,1,1,1,1122,3940,236,30,92,E=498470.509
2,1,61,0,0,0,1101,3983,258,30,-1
3,1,61,1,0,0,1101,3983,258,30,-1
4,1,61,1,1,0,1101,3983,258,30,-1
5,1,61,1,1,1,1101,3983,258,30,92,N=2781762.028
2,1,62,0,0,0,1170,4297,203,37,-1
3,1,62,1,0,0,1170,4297,203,37,-1
4,1,62,1,1,0,1170,4297,203,37,-1
5,1,62,1,1,1,1170,4299,90,35,93,OTP
5,1,62,1,1,2,1274,4318,14,5,91,-
5,1,62,1,1,3,1304,4297,69,35,96,108
2,1,63,0,0,0,1554,3221,1572,52,-1
3,1,63,1,0,0,1554,3221,1572,52,-1
4,1,63,1,1,0,1554,3221,153,33,-1
5,1,63,1,1,1,1554,3222,81,32,88,OTP
5,1,63,1,1,2,1649,3238,11,5,88,-
5,1,63,1,1,3,1672,3221,35,32,96,01
4,1,63,1,2,0,2896,3245,230,28,-1
5,1,63,1,2,1,2896,3245,230,28,91,E=498475.151
2,1,64,0,0,0,2408,3264,751,115,-1
3,1,64,1,0,0,2432,3264,727,115,-1
4,1,64,1,1,0,2770,3264,389,78,-1
5,1,64,1,1,1,2770,3269,17,73,66,/
5,1,64,1,1,2,2896,3264,263,64,88,N=2781761.384
4,1,64,1,2,0,2408,3318,361,61,-1
5,1,64,1,2,1,2408,3348,236,30,56,E=498474.335
5,1,64,1,2,2,2680,3318,16,61,61,|
5,1,64,1,2,3,2763,3328,11,46,74,/
2,1,65,0,0,0,2386,3380,766,156,-1
3,1,65,1,0,0,2386,3380,766,156,-1
4,1,65,1,1,0,2386,3380,440,156,-1
5,1,65,1,1,1,2386,3392,258,30,92,N=2781760.896
5,1,65,1,1,2,2639,3380,187,156,21,wae
4,1,65,1,2,0,2789,3399,210,63,-1
5,1,65,1,2,1,2789,3399,59,63,42,Be
5,1,65,1,2,2,2918,3421,45,32,83,™m
5,1,65,1,2,3,2989,3431,10,27,94,|
4,1,65,1,3,0,2831,3400,321,123,-1
5,1,65,1,3,1,2831,3400,105,85,0,60
5,1,65,1,3,2,2989,3431,77,78,22,Re
5,1,65,1,3,3,3038,3450,114,73,0,Tae
2,1,66,0,0,0,2578,3485,209,115,-1
3,1,66,1,0,0,2578,3485,209,115,-1
4,1,66,1,1,0,2578,3485,209,115,-1
5,1,66,1,1,1,2578,3512,69,72,90,OTP
5,1,66,1,1,2,2694,3508,93,92,53,-02
5,1,66,1,1,3,2705,3485,75,98,0,oe
2,1,67,0,0,0,1867,3759,1117,168,-1
3,1,67,1,0,0,1867,3759,1117,168,-1
4,1,67,1,1,0,1867,3759,236,29,-1
5,1,67,1,1,1,1867,3759,236,29,86,E=498474.789
4,1,67,1,2,0,1868,3802,257,29,-1
5,1,67,1,2,1,1868,3802,257,29,92,N=2781763.943
4,1,67,1,3,0,2914,3848,70,28,-1
5,1,67,1,3,1,2914,3848,70,28,95,4.64
4,1,67,1,4,0,2769,3899,70,28,-1
5,1,67,1,4,1,2769,3899,70,28,95,2.15
2,1,68,0,0,0,2546,3924,871,337,-1
3,1,68,1,0,0,2546,3924,868,337,-1
4,1,68,1,1,0,2546,3924,843,58,-1
5,1,68,1,1,1,2546,3944,88,19,71,412.158
5,1,68,1,1,2,2653,3959,4,11,43,|
5,1,68,1,1,3,2913,3924,80,58,49,Jee
5,1,68,1,1,4,3276,3952,4,11,75,|
5,1,68,1,1,5,3302,3936,87,19,53,+12.169
4,1,68,1,2,0,2593,3944,824,60,-1
5,1,68,1,2,1,2593,3967,100,37,33,ae
5,1,68,1,2,2,2885,3973,11,1,79,—
5,1,68,1,2,3,2905,3963,47,15,89,"+41,"
5,1,68,1,2,4,3174,3970,11,1,0,=
5,1,68,1,2,5,3216,3960,130,40,31,poo
5,1,68,1,2,6,3370,3944,47,34,34,ae
4,1,68,1,3,0,2942,4053,334,47,-1
5,1,68,1,3,1,2942,4059,75,26,91,"Ex.1"""
5,1,68,1,3,2,3030,4059,69,25,89,IRRI.
5,1,68,1,3,3,3112,4058,70,25,96,PIPE
5,1,68,1,3,4,3248,4053,28,47,49,a
4,1,68,1,4,0,3249,4104,27,18,-1
5,1,68,1,4,1,3249,4104,27,18,25,3S
4,1,68,1,5,0,2870,4165,203,35,-1
5,1,68,1,5,1,2870,4166,89,34,91,OTP
5,1,68,1,5,2,2973,4184,13,5,91,-
5,1,68,1,5,3,3004,4165,69,33,96,108
4,1,68,1,6,0,2815,4225,310,36,-1
5,1,68,1,6,1,2815,4225,194,36,91,SECTION
5,1,68,1,6,2,3025,4244,13,5,91,-
5,1,68,1,6,3,3055,4225,70,34,96,108
2,1,69,0,0,0,1557,4196,256,74,-1
3,1,69,1,0,0,1557,4196,256,74,-1
4,1,69,1,1,0,1557,4196,233,30,-1
5,1,69,1,1,1,1557,4196,233,30,92,E=498470.887
4,1,69,1,2,0,1557,4239,256,31,-1
5,1,69,1,2,1,1557,4239,256,31,87,N=2781761.402
2,1,70,0,0,0,1935,4205,259,73,-1
3,1,70,1,0,0,1935,4205,259,73,-1
4,1,70,1,1,0,1935,4205,236,30,-1
5,1,70,1,1,1,1935,4205,236,30,91,E=498475.118
4,1,70,1,2,0,1936,4248,258,30,-1
5,1,70,1,2,1,1936,4248,258,30,92,N=2781763.188
2,1,71,0,0,0,244,2484,4778,1920,-1
3,1,71,1,0,0,244,2484,4778,1920,-1
4,1,71,1,1,0,244,2484,4778,1920,-1
5,1,71,1,1,1,244,2484,4778,1920,95
2,1,72,0,0,0,3177,572,381,139,-1
3,1,72,1,0,0,3177,572,381,108,-1
4,1,72,1,1,0,3177,572,364,53,-1
5,1,72,1,1,1,3177,572,75,46,56,DS
5,1,72,1,1,2,3305,596,236,29,13,£2498424.533
4,1,72,1,2,0,3202,640,356,71,-1
5,1,72,1,2,1,3202,660,57,51,44,=
5,1,72,1,2,2,3305,640,253,29,91,N=2781702.901
2,1,73,0,0,0,3201,1267,257,29,-1
3,1,73,1,0,0,3201,1267,257,29,-1
4,1,73,1,1,0,3201,1267,257,29,-1
5,1,73,1,1,1,3201,1267,257,29,89,N=2781697.685
2,1,74,0,0,0,5674,198,206,34,-1
3,1,74,1,0,0,5674,198,206,34,-1
4,1,74,1,1,0,5674,198,206,34,-1
5,1,74,1,1,1,5674,199,84,33,96,KEY
5,1,74,1,1,2,5773,198,107,33,96,PLAN
2,1,75,0,0,0,3715,244,2712,1007,-1
3,1,75,1,0,0,3715,244,2712,1007,-1
4,1,75,1,1,0,5643,244,783,63,-1
5,1,75,1,1,1,5643,244,783,63,95
4,1,75,1,2,0,5643,307,783,69,-1
5,1,75,1,2,1,5643,307,783,69,95
4,1,75,1,3,0,5644,376,782,37,-1
5,1,75,1,3,1,5644,376,782,37,95
4,1,75,1,4,0,5644,413,782,45,-1
5,1,75,1,4,1,5644,413,782,45,95
4,1,75,1,5,0,5644,458,782,49,-1
5,1,75,1,5,1,5644,458,782,49,95
4,1,75,1,6,0,5644,507,782,61,-1
5,1,75,1,6,1,5644,507,782,61,95
4,1,75,1,7,0,5644,568,782,115,-1
5,1,75,1,7,1,5644,568,782,115,95
4,1,75,1,8,0,5644,683,782,42,-1
5,1,75,1,8,1,5644,683,782,42,95
4,1,75,1,9,0,5644,725,782,37,-1
5,1,75,1,9,1,5644,725,782,37,95
4,1,75,1,10,0,5644,762,782,38,-1
5,1,75,1,10,1,5644,762,782,38,95
4,1,75,1,11,0,5644,800,782,76,-1
5,1,75,1,11,1,5644,800,782,76,95
4,1,75,1,12,0,5648,876,779,71,-1
5,1,75,1,12,1,5648,876,779,71,95
4,1,75,1,13,0,3715,947,2712,125,-1
5,1,75,1,13,1,3715,999,2712,73,95
5,1,75,1,13,2,6036,947,391,82,95
4,1,75,1,14,0,3715,1072,1944,89,-1
5,1,75,1,14,1,3715,1072,1944,89,95
4,1,75,1,15,0,3716,1161,14,90,-1
5,1,75,1,15,1,3716,1161,14,90,95
2,1,76,0,0,0,5669,261,725,8,-1
3,1,76,1,0,0,5669,261,725,8,-1
4,1,76,1,1,0,5669,261,725,8,-1
5,1,76,1,1,1,5669,261,725,8,95
2,1,77,0,0,0,5900,266,204,26,-1
3,1,77,1,0,0,5900,266,204,26,-1
4,1,77,1,1,0,5900,266,204,26,-1
5,1,77,1,1,1,5900,266,63,26,56,[RAS
5,1,77,1,1,2,5970,274,28,18,56,AL
5,1,77,1,1,3,6005,274,62,18,94,KHOR
5,1,77,1,1,4,6075,273,29,18,95,RD
2,1,78,0,0,0,3882,385,122,113,-1
3,1,78,1,0,0,3882,385,122,113,-1
4,1,78,1,1,0,3958,385,46,19,-1
5,1,78,1,1,1,3958,385,46,19,95,2.69
4,1,78,1,2,0,3903,430,44,19,-1
5,1,78,1,2,1,3903,430,44,19,95,1.70
4,1,78,1,3,0,3882,480,44,18,-1
5,1,78,1,3,1,3882,480,44,18,95,1.33
2,1,79,0,0,0,4150,521,86,18,-1
3,1,79,1,0,0,4150,521,86,18,-1
4,1,79,1,1,0,4150,521,86,18,-1
5,1,79,1,1,1,4150,521,86,18,87,+12.897
2,1,80,0,0,0,3737,535,265,86,-1
3,1,80,1,0,0,3737,535,265,86,-1
4,1,80,1,1,0,3737,535,240,22,-1
5,1,80,1,1,1,3737,538,87,19,24,+12.765
5,1,80,1,1,2,3840,535,137,20,86,FRL.+12.790
4,1,80,1,2,0,3783,580,186,20,-1
5,1,80,1,2,1,3783,581,3,11,17,f
5,1,80,1,2,2,3875,580,94,20,1,412.768
4,1,80,1,3,0,3853,593,149,28,-1
5,1,80,1,3,1,3853,609,19,12,0,e
5,1,80,1,3,2,3979,593,23,28,35,3
2,1,81,0,0,0,4097,710,522,79,-1
3,1,81,1,0,0,4097,710,522,74,-1
4,1,81,1,1,0,4097,710,162,53,-1
5,1,81,1,1,1,4097,730,33,33,46,Ex.
5,1,81,1,1,2,4101,710,35,52,0,=.
5,1,81,1,1,3,4139,734,76,19,0,970mm
5,1,81,1,1,4,4225,734,34,18,32,iN
4,1,81,1,2,0,4098,734,521,55,-1
5,1,81,1,2,1,4098,760,152,24,83,ELE.CABLE(T!
5,1,81,1,2,2,4246,734,27,55,16,}°
5,1,81,1,2,3,4275,748,31,31,96,BE
5,1,81,1,2,4,4315,760,103,19,96,REMOVE
5,1,81,1,2,5,4424,760,50,19,96,AND
5,1,81,1,2,6,4483,758,136,23,96,RELOCATE)
2,1,82,0,0,0,4040,819,364,108,-1
3,1,82,1,0,0,4040,819,364,108,-1
4,1,82,1,1,0,4124,819,166,38,-1
5,1,82,1,1,1,4124,819,166,38,89,TP-126
4,1,82,1,2,0,4040,886,364,41,-1
5,1,82,1,2,1,4040,886,364,41,91,SECTION-126A
2,1,83,0,0,0,6393,263,7,560,-1
3,1,83,1,0,0,6393,263,7,560,-1
4,1,83,1,1,0,6393,263,7,560,-1
5,1,83,1,1,1,6393,263,7,560,95
2,1,84,0,0,0,5670,301,5,524,-1
3,1,84,1,0,0,5670,301,5,524,-1
4,1,84,1,1,0,5670,301,5,524,-1
5,1,84,1,1,1,5670,301,5,524,95
2,1,85,0,0,0,5675,820,724,9,-1
3,1,85,1,0,0,5675,820,724,9,-1
4,1,85,1,1,0,5675,820,724,9,-1
5,1,85,1,1,1,5675,820,724,9,95
2,1,86,0,0,0,3716,279,2037,741,-1
3,1,86,1,0,0,3716,279,2037,741,-1
4,1,86,1,1,0,3716,279,2037,741,-1
5,1,86,1,1,1,3716,279,2037,741,95
2,1,87,0,0,0,5753,959,601,58,-1
3,1,87,1,0,0,5753,959,601,58,-1
4,1,87,1,1,0,5753,959,601,27,-1
5,1,87,1,1,1,5753,964,53,22,95,ALL
5,1,87,1,1,2,5815,962,181,24,96,DIMENSIONS
5,1,87,1,1,3,6004,962,60,22,96,ARE
5,1,87,1,1,4,6075,962,25,22,95,IN
5,1,87,1,1,5,6111,961,119,23,96,METERS
5,1,87,1,1,6,6240,959,114,24,96,UNLESS
4,1,87,1,2,0,5753,993,290,24,-1
5,1,87,1,2,1,5753,994,174,23,96,OTHERWISE
5,1,87,1,2,2,5938,993,105,23,96,NOTED.
2,1,88,0,0,0,5753,1054,627,60,-1
3,1,88,1,0,0,5753,1054,627,60,-1
4,1,88,1,1,0,5754,1054,626,26,-1
5,1,88,1,1,1,5754,1058,52,22,93,ALL
5,1,88,1,1,2,5815,1057,108,23,96,LEVELS
5,1,88,1,1,3,5932,1057,59,22,96,ARE
5,1,88,1,1,4,6002,1057,25,22,96,IN
5,1,88,1,1,5,6039,1055,118,23,96,METERS
5,1,88,1,1,6,6166,1055,60,23,96,AND
5,1,88,1,1,7,6237,1055,97,22,96,REFER
5,1,88,1,1,8,6342,1054,38,23,96,TO
4,1,88,1,2,0,5753,1086,509,28,-1
5,1,88,1,2,1,5753,1088,87,23,95,DUBAI
5,1,88,1,2,2,5851,1087,201,24,96,MUNICIPALITY
5,1,88,1,2,3,6063,1086,100,23,96,DATUM
5,1,88,1,2,4,6173,1086,89,28,95,(DMD).
2,1,89,0,0,0,5611,1041,817,146,-1
3,1,89,1,0,0,5611,1041,817,146,-1
4,1,89,1,1,0,6380,1041,48,52,-1
5,1,89,1,1,1,6380,1041,48,52,95
4,1,89,1,2,0,5611,1093,817,50,-1
5,1,89,1,2,1,5611,1093,817,50,95
4,1,89,1,3,0,5611,1143,49,18,-1
5,1,89,1,3,1,5611,1143,49,18,95
4,1,89,1,4,0,5611,1161,49,26,-1
5,1,89,1,4,1,5611,1161,49,26,95
2,1,90,0,0,0,5476,1086,277,42,-1
3,1,90,1,0,0,5476,1086,277,42,-1
4,1,90,1,1,0,5476,1086,277,42,-1
5,1,90,1,1,1,5476,1086,277,42,95
2,1,91,0,0,0,3946,1100,1530,47,-1
3,1,91,1,0,0,3946,1100,1530,47,-1
4,1,91,1,1,0,3946,1100,1530,47,-1
5,1,91,1,1,1,3946,1119,237,28,91,E=498446.275
5,1,91,1,1,2,5240,1100,236,29,91,E=498461.466
2,1,92,0,0,0,3717,1135,2712,233,-1
3,1,92,1,0,0,3717,1135,2712,233,-1
4,1,92,1,1,0,6310,1135,118,26,-1
5,1,92,1,1,1,6310,1135,118,26,95
4,1,92,1,2,0,6418,1161,10,44,-1
5,1,92,1,2,1,6418,1161,10,44,95
4,1,92,1,3,0,3717,1205,2712,163,-1
5,1,92,1,3,1,3717,1251,13,117,95
5,1,92,1,3,2,4896,1205,1533,46,95
2,1,93,0,0,0,5611,1187,50,30,-1
3,1,93,1,0,0,5611,1187,50,30,-1
4,1,93,1,1,0,5611,1187,49,18,-1
5,1,93,1,1,1,5611,1187,49,18,95
4,1,93,1,2,0,5611,1205,50,12,-1
5,1,93,1,2,1,5611,1205,50,12,95
2,1,94,0,0,0,3719,1251,2711,246,-1
3,1,94,1,0,0,3719,1251,2711,246,-1
4,1,94,1,1,0,4896,1251,1533,27,-1
5,1,94,1,1,1,4896,1251,1533,27,95
4,1,94,1,2,0,4896,1278,1533,42,-1
5,1,94,1,2,1,4896,1278,1533,42,95
4,1,94,1,3,0,4628,1320,1801,48,-1
5,1,94,1,3,1,4628,1320,1057,48,95
5,1,94,1,3,2,5840,1320,589,45,95
4,1,94,1,4,0,3722,1365,2708,43,-1
5,1,94,1,4,1,3722,1365,2708,43,95
4,1,94,1,5,0,3719,1408,1971,33,-1
5,1,94,1,5,1,3719,1408,1971,33,95
4,1,94,1,6,0,3719,1441,1378,56,-1
5,1,94,1,6,1,3719,1441,1378,56,95
2,1,95,0,0,0,3870,1144,2517,297,-1
3,1,95,1,0,0,3947,1144,2440,128,-1
4,1,95,1,1,0,3947,1144,2363,48,-1
5,1,95,1,1,1,3947,1162,258,29,90,N=2781727.657
5,1,95,1,1,2,4538,1148,87,44,0,en6
5,1,95,1,1,3,5223,1144,253,28,90,N=2781729.361
5,1,95,1,1,4,5692,1153,15,22,53,3.
5,1,95,1,1,5,5754,1151,133,23,64,EXISTING
5,1,95,1,1,6,5898,1151,85,22,92,DEWA
5,1,95,1,1,7,5992,1150,104,22,92,WATER
5,1,95,1,1,8,6105,1149,18,23,92,&
5,1,95,1,1,9,6133,1148,177,23,96,ELECTRICAL
4,1,95,1,2,0,4541,1180,1846,55,-1
5,1,95,1,2,1,4541,1194,20,24,0,S
5,1,95,1,2,2,4568,1183,59,52,0,2
5,1,95,1,2,3,5755,1182,112,23,96,CABLES
5,1,95,1,2,4,5877,1183,67,21,96,WILL
5,1,95,1,2,5,5954,1182,37,22,95,BE
5,1,95,1,2,6,6000,1180,176,23,95,PROTECTED
5,1,95,1,2,7,6184,1180,39,23,96,AS
5,1,95,1,2,8,6233,1180,59,22,92,PER
5,1,95,1,2,9,6301,1180,86,22,92,DEWA
4,1,95,1,3,0,4028,1198,1911,74,-1
5,1,95,1,3,1,4028,1235,56,37,83,ew
5,1,95,1,3,2,4538,1214,95,51,0,ao.
5,1,95,1,3,3,5755,1198,184,51,96,STANDARDS.
3,1,95,2,0,0,3872,1270,765,56,-1
4,1,95,2,1,0,3872,1270,765,56,-1
5,1,95,2,1,1,3872,1274,56,52,24,oo
5,1,95,2,1,2,4027,1270,61,46,32,vee
5,1,95,2,1,3,4542,1275,95,38,45,QSa
3,1,95,3,0,0,3870,1304,770,55,-1
4,1,95,3,1,0,3870,1304,770,55,-1
5,1,95,3,1,1,3870,1318,62,41,46,sa
5,1,95,3,1,2,4028,1316,63,41,0,&G
5,1,95,3,1,3,4548,1304,92,47,28,B58
3,1,95,4,0,0,3872,1335,1977,55,-1
4,1,95,4,1,0,3872,1335,1977,55,-1
5,1,95,4,1,1,3872,1345,61,43,54,QO
5,1,95,4,1,2,4033,1349,62,41,23,eu
5,1,95,4,1,3,5685,1335,164,30,96,LEGEND:
3,1,95,5,0,0,3883,1390,213,31,-1
4,1,95,5,1,0,3883,1390,213,31,-1
5,1,95,5,1,1,3883,1399,20,22,70,%
5,1,95,5,1,2,3911,1393,27,27,33,"7,"
5,1,95,5,1,3,4036,1390,60,21,65,wu
3,1,95,6,0,0,3879,1422,61,19,-1
4,1,95,6,1,0,3879,1422,61,19,-1
5,1,95,6,1,1,3879,1422,26,19,53,wi
2,1,96,0,0,0,3535,1408,3077,933,-1
3,1,96,1,0,0,3535,1408,3077,933,-1
4,1,96,1,1,0,5860,1408,570,63,-1
5,1,96,1,1,1,5860,1408,570,63,95
4,1,96,1,2,0,3719,1471,2893,69,-1
5,1,96,1,2,1,3719,1497,1518,43,95
5,1,96,1,2,2,5495,1471,1117,69,95
4,1,96,1,3,0,3719,1540,2893,95,-1
5,1,96,1,3,1,3719,1540,2893,95,95
4,1,96,1,4,0,3535,1635,3077,317,-1
5,1,96,1,4,1,3535,1635,3077,317,95
5,1,96,1,4,2,4218,1635,2394,43,95
4,1,96,1,5,0,3535,1952,3077,84,-1
5,1,96,1,5,1,3535,1952,1710,84,95
5,1,96,1,5,2,5385,1952,1227,60,95
4,1,96,1,6,0,3537,2012,3075,128,-1
5,1,96,1,6,1,3537,2036,14,104,95
5,1,96,1,6,2,5564,2012,1048,128,95
4,1,96,1,7,0,3537,2140,3075,125,-1
5,1,96,1,7,1,3537,2140,3075,125,95
4,1,96,1,8,0,4429,2265,2183,76,-1
5,1,96,1,8,1,4429,2265,2183,76,95
2,1,97,0,0,0,5689,1430,2,39,-1
3,1,97,1,0,0,5689,1430,2,39,-1
4,1,97,1,1,0,5689,1430,2,39,-1
5,1,97,1,1,1,5689,1430,2,39,95
2,1,98,0,0,0,5690,1428,170,41,-1
3,1,98,1,0,0,5690,1428,170,41,-1
4,1,98,1,1,0,5690,1428,170,41,-1
5,1,98,1,1,1,5690,1428,170,41,0,eee
2,1,99,0,0,0,5979,1437,210,23,-1
3,1,99,1,0,0,5979,1437,210,23,-1
4,1,99,1,1,0,5979,1437,210,23,-1
5,1,99,1,1,1,5979,1438,83,22,94,TRIAL
5,1,99,1,1,2,6070,1437,119,23,96,TRENCH
2,1,100,0,0,0,5564,1441,126,48,-1
3,1,100,1,0,0,5564,1441,126,48,-1
4,1,100,1,1,0,5564,1441,126,48,-1
5,1,100,1,1,1,5564,1441,126,48,95
2,1,101,0,0,0,5237,1455,259,71,-1
3,1,101,1,0,0,5237,1455,259,71,-1
4,1,101,1,1,0,5260,1455,236,28,-1
5,1,101,1,1,1,5260,1455,236,28,92,E=498461.550
4,1,101,1,2,0,5237,1498,258,28,-1
5,1,101,1,2,1,5237,1498,258,28,92,N=2781728.394
2,1,102,0,0,0,3959,1592,259,72,-1
3,1,102,1,0,0,3959,1592,259,72,-1
4,1,102,1,1,0,3959,1592,236,29,-1
5,1,102,1,1,1,3959,1592,236,29,92,E=498446.405
4,1,102,1,2,0,3960,1636,258,28,-1
5,1,102,1,2,1,3960,1636,258,28,92,N=2781726.726
2,1,103,0,0,0,4195,1578,2417,44,-1
3,1,103,1,0,0,4195,1578,2417,44,-1
4,1,103,1,1,0,4195,1578,2417,44,-1
5,1,103,1,1,1,4195,1578,2417,44,95
2,1,104,0,0,0,3559,1936,1913,78,-1
3,1,104,1,0,0,3559,1936,1913,66,-1
4,1,104,1,1,0,3741,1936,1730,38,-1
5,1,104,1,1,1,3741,1938,30,36,89,1.00
5,1,104,1,1,2,5469,1936,2,5,46,|
4,1,104,1,2,0,3559,1944,1913,54,-1
5,1,104,1,2,1,3559,1970,72,19,86,12.470
5,1,104,1,2,2,3656,1967,88,31,86,09.7860
5,1,104,1,2,3,5245,1955,140,35,90,FRL.+12.474
5,1,104,1,2,4,5469,1944,3,43,64,|
4,1,104,1,3,0,5238,1978,234,36,-1
5,1,104,1,3,1,5238,1978,29,36,21,~.
5,1,104,1,3,2,5469,1988,3,14,55,1
2,1,105,0,0,0,3622,2015,424,93,-1
3,1,105,1,0,0,3622,2015,412,89,-1
4,1,105,1,1,0,3622,2015,5,14,-1
5,1,105,1,1,1,3622,2015,5,14,54,4
4,1,105,1,2,0,3769,2020,277,88,-1
5,1,105,1,2,1,3769,2020,87,43,85,+11.940
5,1,105,1,2,2,3918,2020,128,88,19,oe)
2,1,106,0,0,0,3581,2144,516,88,-1
3,1,106,1,0,0,3581,2144,516,88,-1
4,1,106,1,1,0,3581,2144,516,51,-1
5,1,106,1,1,1,3581,2169,167,26,56,Exi.@35mm_
5,1,106,1,1,2,3782,2164,167,26,56,Exi.070mm
5,1,106,1,1,3,4017,2145,7,41,0,\
5,1,106,1,1,4,4039,2144,35,42,34,2]
5,1,106,1,1,5,4084,2146,13,19,34,°
4,1,106,1,2,0,3582,2204,372,28,-1
5,1,106,1,2,1,3582,2207,47,25,72,LV
5,1,106,1,2,2,3638,2206,105,26,84,CABLE
5,1,106,1,2,3,3779,2204,175,26,87,ELE.CABLE
2,1,107,0,0,0,5555,1995,12,30,-1
3,1,107,1,0,0,5555,1995,12,30,-1
4,1,107,1,1,0,5555,1995,12,30,-1
5,1,107,1,1,1,5555,1995,12,30,94,1.35
2,1,108,0,0,0,5301,2051,88,40,-1
3,1,108,1,0,0,5301,2051,88,40,-1
4,1,108,1,1,0,5301,2051,88,19,-1
5,1,108,1,1,1,5301,2051,88,19,89,+11.688
4,1,108,1,2,0,5340,2080,20,11,-1
5,1,108,1,2,1,5340,2080,20,11,30,v.
2,1,109,0,0,0,3699,2083,1773,20,-1
3,1,109,1,0,0,3699,2083,1773,20,-1
4,1,109,1,1,0,3699,2083,1773,20,-1
5,1,109,1,1,1,3699,2083,1773,20,95
2,1,110,0,0,0,4098,2132,408,99,-1
3,1,110,1,0,0,4098,2132,408,99,-1
4,1,110,1,1,0,4098,2132,211,58,-1
5,1,110,1,1,1,4098,2132,76,58,31,ve
5,1,110,1,1,2,4132,2132,82,58,25,ie!
5,1,110,1,1,3,4222,2165,87,25,94,10mm
4,1,110,1,2,0,4122,2204,384,27,-1
5,1,110,1,2,1,4122,2204,167,27,96,UNKNOWN
5,1,110,1,2,2,4301,2204,105,26,96,CABLE
5,1,110,1,2,3,4418,2204,88,26,96,DUCT
2,1,111,0,0,0,4174,2284,334,106,-1
3,1,111,1,0,0,4174,2284,334,106,-1
4,1,111,1,1,0,4260,2284,169,38,-1
5,1,111,1,1,1,4260,2284,169,38,90,TP-127
4,1,111,1,2,0,4174,2351,334,39,-1
5,1,111,1,2,1,4174,2351,334,39,92,SECTION-127
2,1,112,0,0,0,3538,2222,584,24,-1
3,1,112,1,0,0,3538,2222,584,24,-1
4,1,112,1,1,0,3538,2222,584,24,-1
5,1,112,1,1,1,3538,2222,44,24,95
5,1,112,1,1,2,3954,2222,168,22,95
2,1,113,0,0,0,3538,2265,3074,329,-1
3,1,113,1,0,0,3538,2265,3074,329,-1
4,1,113,1,1,0,3538,2265,3074,329,-1
5,1,113,1,1,1,3538,2265,3074,329,95
2,1,114,0,0,0,3641,2608,318,118,-1
3,1,114,1,0,0,3641,2608,318,118,-1
4,1,114,1,1,0,3641,2608,287,29,-1
5,1,114,1,1,1,3641,2608,201,29,59,Ex.0150mm
5,1,114,1,1,2,3855,2608,73,28,96,ELE.
4,1,114,1,2,0,3641,2651,318,30,-1
5,1,114,1,2,1,3641,2653,103,28,96,ROAD
5,1,114,1,2,2,3768,2651,191,29,95,CROSSING
4,1,114,1,3,0,3642,2697,122,29,-1
5,1,114,1,3,1,3642,2697,122,29,96,DUCTS
2,1,115,0,0,0,4121,2904,706,336,-1
3,1,115,1,0,0,4508,2904,28,69,-1
4,1,115,1,1,0,4508,2904,28,17,-1
5,1,115,1,1,1,4508,2904,28,17,39,co
4,1,115,1,2,0,4508,2924,27,18,-1
5,1,115,1,2,1,4508,2924,27,18,86,N
4,1,115,1,3,0,4508,2945,28,28,-1
5,1,115,1,3,1,4508,2945,28,28,22,°
3,1,115,2,0,0,4444,2994,105,31,-1
4,1,115,2,1,0,4444,2994,105,31,-1
5,1,115,2,1,1,4444,2994,105,31,72,"+11,902"
3,1,115,3,0,0,4439,3028,19,14,-1
4,1,115,3,1,0,4439,3028,19,14,-1
5,1,115,3,1,1,4439,3028,19,14,35,vv
3,1,115,4,0,0,4121,3051,706,90,-1
4,1,115,4,1,0,4398,3051,105,32,-1
5,1,115,4,1,1,4398,3051,105,32,82,+11.404
4,1,115,4,2,0,4121,3086,706,55,-1
5,1,115,4,2,1,4121,3086,553,55,22,tee
5,1,115,4,2,2,4496,3082,36,70,25,me
5,1,115,4,2,3,4688,3135,139,2,29,Oe
3,1,115,5,0,0,4516,3168,265,72,-1
4,1,115,5,1,0,4516,3168,265,29,-1
5,1,115,5,1,1,4516,3168,120,29,60,Ex.@30
5,1,115,5,1,2,4649,3168,23,29,92,&
5,1,115,5,1,3,4684,3168,97,28,96,50mm
4,1,115,5,2,0,4516,3212,163,28,-1
5,1,115,5,2,1,4516,3212,163,28,82,IRRI.PIPE
2,1,116,0,0,0,4186,3277,470,184,-1
3,1,116,1,0,0,4186,3277,470,184,-1
4,1,116,1,1,0,4187,3277,469,30,-1
5,1,116,1,1,1,4187,3279,180,28,67,Ex.070mm
5,1,116,1,1,2,4478,3277,178,28,42,Ex.030mm
4,1,116,1,2,0,4186,3320,456,33,-1
5,1,116,1,2,1,4186,3325,220,28,91,ELE.CABLES
5,1,116,1,2,2,4479,3320,163,28,80,IRRI.PIPE
4,1,116,1,3,0,4353,3380,162,32,-1
5,1,116,1,3,1,4353,3381,82,31,91,OTP
5,1,116,1,3,2,4448,3397,12,6,91,-
5,1,116,1,3,3,4473,3380,42,32,95,02
4,1,116,1,4,0,4305,3428,259,33,-1
5,1,116,1,4,1,4305,3429,178,32,90,SECTION
5,1,116,1,4,2,4498,3446,12,4,90,-
5,1,116,1,4,3,4523,3428,41,32,96,02
